,pop_est,continent,name,iso_a3,gdp_md_est,geometry
3,37589262.0,North America,Canada,CAN,1736425,"MULTIPOLYGON (((-122.84000000000003 49.000000000000114, -122.97421000000001 49.00253777777778, -124.91024 49.98456, -125.62461 50.416560000000004, -127.43561000000001 50.83061, -127.99276 51.71583, -127.85032 52.32961, -129.12979 52.75538, -129.30523 53.561589999999995, -130.51497 54.28757, -130.53610895273684 54.80275447679924, -130.53611 54.802780000000006, -129.98 55.285000000000004, -130.00778000000003 55.915830000000085, -131.70781 56.55212, -132.73042 57.692890000000006, -133.35556000000003 58.41028000000001, -134.27111000000002 58.86111000000005, -134.94500000000005 59.2705600000001, -135.47583 59.787780000000005, -136.47972000000004 59.46389000000005, -137.4525 58.905, -138.34089 59.562110000000004, -139.03900000000002 60, -140.013 60.27682000000001, -140.99778 60.30639000000001, -140.9925 66.00003000000001, -140.986 69.712, -140.98598761037601 69.71199839952635, -139.12052 69.47102, -137.54636000000002 68.99002, -136.50358 68.89804, -135.62576 69.31512000000001, -134.41464000000002 69.62743, -132.92925000000002 69.50534, -131.43135999999998 69.94451, -129.79471 70.19369, -129.10773 69.77927000000001, -128.36156 70.01286, -128.13817 70.48384, -127.44712000000001 70.37721, -125.75632000000002 69.48058, -124.42483 70.1584, -124.28968 69.39968999999999, -123.06108 69.56372, -122.6835 69.85553, -121.47226 69.79778, -119.94288 69.37786, -117.60268 69.01128, -116.22643 68.84151, -115.24690000000001 68.90591, -113.89793999999999 68.3989, -115.30489 67.90261000000001, -113.49727 67.68815000000001, -110.798 67.80611999999999, -109.94619 67.98104000000001, -108.8802 67.38144, -107.79239 67.88736, -108.81299 68.31164, -108.16721000000001 68.65392, -106.95 68.7, -106.15 68.8, -105.34282000000002 68.56122, -104.33791000000001 68.018, -103.22115000000001 68.09775, -101.45433 67.64689, -99.90195 67.80566, -98.4432 67.78165, -98.5586 68.40394, -97.66948000000001 68.57864000000001, -96.11991 68.23939, -96.12588 67.29338, -95.48943 68.0907, -94.685 68.06383, -94.23282000000002 69.06903000000001, -95.30408 69.68571, -96.47131 70.08976, -96.39115 71.19482, -95.2088 71.92053, -93.88997 71.76015, -92.87818 71.31869, -91.51964000000001 70.19129000000001, -92.40692000000001 69.69997000000001, -90.5471 69.49766, -90.55151000000001 68.47499, -89.21515 69.25873, -88.01966 68.61508, -88.31748999999999 67.87338000000001, -87.35017 67.19872, -86.30606999999999 67.92146, -85.57664 68.78456, -85.52197 69.88211, -84.10081000000001 69.80539, -82.62258 69.65826, -81.28043000000001 69.16202000000001, -81.22019999999999 68.66567, -81.96436000000001 68.13253, -81.25928 67.59716, -81.38653000000001 67.11078, -83.34456 66.41154, -84.73542 66.2573, -85.76943 66.55833, -86.06760000000001 66.05625, -87.03143 65.21297, -87.32324 64.77563, -88.48296 64.09897000000001, -89.91444 64.03273, -90.70398 63.610170000000004, -90.77004000000001 62.960210000000004, -91.93342 62.83508, -93.15698 62.02469000000001, -94.24153 60.89865, -94.62930999999999 60.11021, -94.6846 58.94882, -93.21502000000001 58.78212, -92.76462000000001 57.84571, -92.29702999999999 57.08709, -90.89769 57.28468, -89.03953 56.85172, -88.03978000000001 56.47162, -87.32421 55.999140000000004, -86.07121 55.72383, -85.01181000000001 55.302600000000005, -83.36055 55.24489, -82.27285 55.14832, -82.43620000000001 54.282270000000004, -82.12502 53.27703, -81.40075 52.157880000000006, -79.91289 51.208420000000004, -79.14301 51.533930000000005, -78.60191 52.56208, -79.12421 54.14145, -79.82958 54.66772, -78.22874 55.136449999999996, -77.0956 55.83741, -76.54137 56.53423000000001, -76.62319000000001 57.20263, -77.30226 58.05209, -78.51688 58.80458, -77.33676 59.852610000000006, -77.77272 60.75788000000001, -78.10687 62.31964000000001, -77.41067 62.55053, -75.69621000000001 62.2784, -74.6682 62.181110000000004, -73.83988000000001 62.4438, -72.90853 62.10507, -71.67708 61.52535, -71.37369000000001 61.137170000000005, -69.59042 61.06141, -69.62033 60.221250000000005, -69.28790000000001 58.95736, -68.37455 58.80106, -67.64976 58.21206, -66.20178 58.76731, -65.24517 59.87071, -64.58352000000001 60.33558, -63.804750000000006 59.442600000000006, -62.502359999999996 58.16708, -61.396550000000005 56.96745000000001, -61.798660000000005 56.33945, -60.46853 55.775479999999995, -59.56962 55.20407, -57.97508 54.94549000000001, -57.3332 54.6265, -56.93689 53.780319999999996, -56.15811 53.647490000000005, -55.75632 53.27036, -55.68338 52.146640000000005, -56.40916000000001 51.770700000000005, -57.12691 51.419720000000005, -58.77482 51.0643, -60.03309000000001 50.24277, -61.72366 50.08046, -63.86251 50.29099, -65.36331 50.2982, -66.39905 50.228970000000004, -67.23631 49.511559999999996, -68.51114 49.068360000000006, -69.95362 47.74488, -71.10458 46.82171, -70.25522 46.986059999999995, -68.65 48.3, -66.55243 49.1331, -65.05626 49.232780000000005, -64.17099 48.74248, -65.11545000000001 48.07085, -64.79854 46.99297, -64.47219 46.238490000000006, -63.17329000000001 45.73902, -61.520720000000004 45.883770000000005, -60.518150000000006 47.00793, -60.448600000000006 46.28264, -59.80287 45.9204, -61.03988 45.265249999999995, -63.254709999999996 44.67014, -64.24656 44.265530000000005, -65.36406000000001 43.54523, -66.1234 43.61867, -66.16173 44.46512, -64.42549 45.29204, -66.02605000000001 45.25931, -67.13741 45.13753, -67.79134 45.70281000000001, -67.79046000000001 47.066359999999996, -68.23444 47.354859999999974, -68.90500000000003 47.18500000000006, -69.237216 47.447781, -69.99997 46.69307, -70.305 45.915, -70.66 45.46, -71.08482000000004 45.30524000000014, -71.405 45.254999999999995, -71.50506 45.0082, -73.34783 45.00738, -74.86700000000002 45.000480000000096, -75.31821000000001 44.81645, -76.375 44.09631, -76.50000000000001 44.01845889375865, -76.82003414580558 43.628784288093755, -77.7378850979577 43.62905558936328, -78.72027991404235 43.62508942318493, -79.17167355011186 43.46633942318426, -79.01 43.27, -78.92 42.964999999999996, -78.93936214874375 42.86361135514798, -80.24744767934794 42.36619985612255, -81.27774654816716 42.209025987306816, -82.4392777167916 41.675105088867326, -82.69008928092023 41.675105088867326, -83.029810146807 41.83279572200598, -83.14199968131264 41.975681057292874, -83.12 42.08, -82.9 42.43, -82.42999999999999 42.980000000000004, -82.13764238150395 43.57108755143997, -82.33776312543114 44.440000000000055, -82.55092464875821 45.34751658790543, -83.59285071484311 45.81689362241252, -83.46955074739469 45.994686387712534, -83.61613094759059 46.116926988299014, -83.89076534700574 46.116926988299014, -84.0918512641615 46.27541860613826, -84.1421195136734 46.51222585711571, -84.33670000000001 46.408770000000004, -84.60490000000004 46.439599999999984, -84.54374874544584 46.538684190449146, -84.77923824739992 46.63710195574902, -84.8760798815149 46.90008331968238, -85.65236324740341 47.22021881773051, -86.46199083122826 47.553338019392, -87.43979262330028 47.94, -88.37811418328671 48.302917588893706, -89.27291744663665 48.01980825458281, -89.60000000000002 48.010000000000105, -90.83 48.27, -91.64 48.14, -92.61000000000001 48.44999999999993, -93.63087000000002 48.609260000000006, -94.32914000000001 48.67074, -94.64 48.84, -94.81758000000002 49.38905, -95.15609 49.38425000000001, -95.15906950917206 49, -97.2287200000048 49.0007, -100.65000000000003 49.000000000000114, -104.04826000000003 48.99986000000007, -107.05000000000001 49, -110.05000000000001 49, -113 49, -116.04818 49, -117.03121 49, -120 49.000000000000114, -122.84000000000003 49.000000000000114)), ((-83.99367000000001 62.452799999999996, -83.25048 62.91409, -81.87699 62.90458, -81.89825 62.7108, -83.06857000000001 62.159220000000005, -83.77462000000001 62.18231, -83.99367000000001 62.452799999999996)), ((-79.77583312988281 72.8029022216797, -80.87609863281251 73.33318328857422, -80.83388519287111 73.69318389892578, -80.35305786132812 73.75971984863281, -78.06443786621094 73.65193176269531, -76.34 73.10268498995305, -76.25140380859375 72.82638549804688, -77.31443786621094 72.85554504394531, -78.39167022705078 72.87665557861328, -79.4862518310547 72.74220275878906, -79.77583312988281 72.8029022216797)), ((-80.315395 62.08556500000001, -79.92939 62.3856, -79.52002 62.363710000000005, -79.26582 62.158674999999995, -79.65752 61.63308, -80.09956000000001 61.71810000000001, -80.36215 62.016490000000005, -80.315395 62.08556500000001)), ((-93.61275590694046 74.97999726022438, -94.15690873897391 74.59234650338688, -95.60868058956564 74.66686391875176, -96.82093217648455 74.92762319609658, -96.28858740922982 75.37782827422338, -94.85081987178917 75.64721751576089, -93.97774654821797 75.29648956979595, -93.61275590694046 74.97999726022438)), ((-93.84000301794399 77.51999726023455, -94.29560828324529 77.49134267852868, -96.16965410031007 77.55511139597685, -96.43630449093614 77.83462921824362, -94.42257727738641 77.820004787905, -93.7206562975659 77.63433136668031, -93.84000301794399 77.51999726023455)), ((-96.75439876990876 78.76581268992702, -95.5592779202946 78.41831452098033, -95.83029496944934 78.05694122996324, -97.30984290239799 77.85059723582181, -98.12428931353404 78.08285696075761, -98.55286780474668 78.45810537384507, -98.63198442258553 78.87193024363837, -97.33723141151266 78.83198436147676, -96.75439876990876 78.76581268992702)), ((-88.15035030796028 74.39230703398503, -89.7647220527584 74.51555532500116, -92.42244096552946 74.83775788034099, -92.76828548864282 75.38681997344214, -92.88990597204175 75.88265534128267, -93.89382402217599 76.31924367950056, -95.9624574450358 76.4413809272224, -97.1213789538295 76.7510777859476, -96.74512285031237 77.16138865834507, -94.68408586299944 77.09787832305837, -93.57392106807313 76.77629588490605, -91.6050231595366 76.7785179714946, -90.7418458727493 76.44959747995681, -90.96966142450802 76.07401317005947, -89.82223792189926 75.84777374948565, -89.18708289259985 75.61016551380762, -87.83827633334965 75.56618886992725, -86.37919226758864 75.4824213731821, -84.78962521029058 75.69920400664653, -82.75344458691006 75.78431509063124, -81.12853084992436 75.71398346628199, -80.05751095245915 75.33684886341591, -79.83393286814837 74.92312734648716, -80.45777075877587 74.65730377877777, -81.94884253612557 74.44245901152432, -83.22889360221143 74.56402781849094, -86.09745235873332 74.41003205026117, -88.15035030796028 74.39230703398503)), ((-111.26444332563088 78.15295604116154, -109.85445187054711 77.99632477488488, -110.18693803591302 77.69701487905034, -112.0511911690585 77.4092288276169, -113.53427893761912 77.73220652944111, -112.7245867582539 78.05105011668196, -111.26444332563088 78.15295604116154)), ((-110.96366065147602 78.8044408230652, -109.6631457182026 78.60197256134565, -110.88131425661892 78.40691986765997, -112.54209143761516 78.4079017198735, -112.52589087609164 78.55055451121522, -111.5000103422334 78.8499935981305, -110.96366065147602 78.8044408230652)), ((-55.600218268442056 51.31707469339794, -56.13403581401709 50.68700979267928, -56.795881720595276 49.81230866149089, -56.14310502788433 50.15011749938286, -55.471492275603 49.93581533466846, -55.82240108908096 49.58712860777905, -54.935142584845636 49.3130109726868, -54.473775397343786 49.556691189159125, -53.47654944519137 49.24913890237404, -53.786013759971254 48.516780503933624, -53.08613399922626 48.68780365660358, -52.958648240762216 48.15716421161447, -52.64809872090421 47.53554840757552, -53.069158291218386 46.65549876564492, -53.521456264853 46.61829173439477, -54.17893551290251 46.80706574155698, -53.9618686590605 47.62520701760193, -54.24048214376214 47.752279364607645, -55.40077307801157 46.884993801453135, -55.99748084168583 46.919720363953275, -55.29121904155279 47.38956248635099, -56.250798712780586 47.632545070987376, -57.32522925477708 47.57280711525797, -59.26601518414682 47.60334788674247, -59.419494188053676 47.899453843774886, -58.79658647320744 48.25152537697942, -59.23162451845657 48.52318838153781, -58.3918049790652 49.12558055276418, -57.35868974468606 50.71827403421587, -56.738650071832026 51.28743825947855, -55.87097693543532 51.63209422464921, -55.40697424988659 51.5882726100657, -55.600218268442056 51.31707469339794)), ((-83.88262630891977 65.10961782496354, -82.78757687043883 64.76669302027467, -81.6420137193926 64.45513580998697, -81.55344031444432 63.97960928003714, -80.81736121287886 64.057485663501, -80.10345130076664 63.72598135034862, -80.99101986359572 63.41124603947496, -82.54717810741704 63.65172231714521, -83.10879757356511 64.10187571883971, -84.10041663281388 63.569711819098, -85.52340471061905 63.052379055424055, -85.8667687649824 63.63725291610349, -87.22198320183678 63.54123810490519, -86.35275977247133 64.0358332383707, -86.2248864407651 64.82291697860823, -85.88384782585486 65.7387783881171, -85.1613079495499 65.6572846543928, -84.97576371940592 65.21751821558898, -84.4640120104195 65.37177236598022, -83.88262630891977 65.10961782496354)), ((-78.77063859731078 72.35217316353418, -77.8246239895596 72.74961660429098, -75.60584469267573 72.2436784939374, -74.228616095665 71.76714427355789, -74.09914079455771 71.33084015571758, -72.24222571479768 71.55692454699452, -71.20001542833518 70.92001251899718, -68.7860542466849 70.52502370877427, -67.91497046575694 70.12194753689765, -66.9690333726542 69.18608734809182, -68.8051228502006 68.72019847276444, -66.4498660956339 68.06716339789203, -64.86231441919524 67.84753856065159, -63.424934454996794 66.92847321234059, -61.851981370680605 66.86212067327783, -62.16317684594226 66.16025136988962, -63.918444383384184 64.9986685248329, -65.14886023625368 65.42603261988667, -66.72121904159852 66.38804108343219, -68.015016038674 66.26272573512439, -68.1412874009792 65.68978913030439, -67.08964616562342 65.10845510523696, -65.73208045109976 64.64840566675856, -65.32016760930125 64.38273712834605, -64.66940629744968 63.392926744227495, -65.01380388045888 62.67418508569598, -66.27504472519048 62.94509878198612, -68.7831862046927 63.74567007105183, -67.36968075221309 62.88396556258484, -66.32829728866726 62.28007477482201, -66.16556820338015 61.93089712182582, -68.87736650254465 62.330149237712824, -71.02343705919385 62.91070811629588, -72.23537858751902 63.39783600529522, -71.88627844917127 63.67998932560887, -73.37830624051838 64.19396312118384, -74.83441891142263 64.6790756293238, -74.81850257027673 64.38909332951793, -77.70997982452008 64.22954234481678, -78.5559488593542 64.57290639918013, -77.89728105336198 65.30919220647475, -76.01827429879717 65.32696889918314, -73.95979529488268 65.45476471624094, -74.29388342964964 65.81177134872938, -73.94491248238262 66.31057811142666, -72.65116716173942 67.28457550726391, -72.92605994331605 67.72692576768235, -73.31161780464572 68.06943716091287, -74.84330725777684 68.55462718370127, -76.86910091826672 68.89473562283025, -76.22864905465738 69.14776927354741, -77.28736996123715 69.76954010688321, -78.1686339993266 69.82648753526887, -78.95724219431673 70.16688019477543, -79.49245500356366 69.87180776638884, -81.30547095409176 69.74318512641436, -84.94470618359851 69.96663401964442, -87.06000342481789 70.26000112576538, -88.68171322300148 70.4107412787608, -89.51341956252303 70.76203766548095, -88.46772111688082 71.21818553332132, -89.88815121128755 71.22255219184997, -90.20516028518205 72.23507436796079, -89.436576707705 73.12946421985238, -88.40824154331287 73.53788890247121, -85.82615108920098 73.80381582304518, -86.56217851433412 73.15744700793844, -85.77437130404454 72.53412588163387, -84.85011247428822 73.34027822538708, -82.31559017610101 73.7509508328106, -80.60008765330768 72.71654368762417, -80.74894161652443 72.06190664335072, -78.77063859731078 72.35217316353418)), ((-94.50365759965237 74.13490672473922, -92.42001217321173 74.1000251329422, -90.50979285354263 73.85673248971206, -92.00396521682987 72.96624420845852, -93.19629553910026 72.77199249947334, -94.26904659704726 72.02459625923599, -95.40985551632266 72.06188080513458, -96.03374508338244 72.94027680123183, -96.01826799191102 73.43742991809582, -95.49579342322404 73.86241689726417, -94.50365759965237 74.13490672473922)), ((-122.85492448615902 76.11654287383568, -122.85492529360326 76.11654287383568, -121.15753536032824 76.86450755482828, -119.1039389718211 77.51221995717462, -117.570130784966 77.4983189968881, -116.19858659550738 77.6452867703262, -116.33581336145845 76.87696157501061, -117.10605058476882 76.53003184681911, -118.04041215703819 76.48117178008714, -119.89931758688572 76.053213406062, -121.49999507712648 75.90001862253276, -122.85492448615902 76.11654287383568)), ((-132.71000788443126 54.04000931542356, -131.74998958400334 54.12000438090922, -132.049480347351 52.98462148702447, -131.1790425218266 52.180432847698285, -131.57782954982298 52.18237071390928, -132.18042842677852 52.639707139692405, -132.54999243231384 53.100014960332146, -133.05461117875552 53.411468817755406, -133.2396644827927 53.851080227262344, -133.1800040417117 54.169975490935315, -132.71000788443126 54.04000931542356)), ((-105.4922891914932 79.30159393992916, -103.52928239623795 79.16534902619163, -100.8251580472688 78.80046173777872, -100.0601918200522 78.32475434031589, -99.67093909381364 77.90754466420744, -101.30394019245301 78.01898489044486, -102.94980872273302 78.34322866486023, -105.17613277873151 78.3803323432458, -104.21042945027713 78.67742015249176, -105.41958045125853 78.91833567983649, -105.4922891914932 79.30159393992916)), ((-123.51000158755119 48.51001089130341, -124.01289078839955 48.37084625914139, -125.65501277733838 48.8250045843385, -125.95499446679275 49.17999583596759, -126.85000443587185 49.53000031188043, -127.02999344954443 49.81499583597008, -128.0593363043662 49.9949590114266, -128.44458410710214 50.539137681676095, -128.35841365625546 50.77064809834371, -127.30858109602994 50.552573554071955, -126.69500097721235 50.400903225295394, -125.7550066738232 50.29501821552935, -125.4150015875588 49.95000051533259, -124.92076818911934 49.475274970083376, -123.92250870832106 49.06248362893581, -123.51000158755119 48.51001089130341)), ((-121.53787999999997 74.44893000000002, -120.10978 74.24135000000001, -117.55563999999993 74.18576999999993, -116.58442000000002 73.89607000000007, -115.51080999999999 73.47519, -116.76793999999995 73.22291999999999, -119.22000000000003 72.51999999999998, -120.45999999999998 71.82000000000005, -120.45999999999998 71.38360179308756, -123.09218999999996 70.90164000000004, -123.62 71.34000000000009, -125.92894873747338 71.86868846301138, -125.49999999999994 72.29226081179502, -124.80729000000002 73.02255999999994, -123.93999999999994 73.68000000000012, -124.91774999999996 74.29275000000013, -121.53787999999997 74.44893000000002)), ((-107.81943000000001 75.84552000000001, -106.92893000000001 76.01282, -105.881 75.96940000000001, -105.70498 75.47951, -106.31347000000001 75.00527, -109.70000000000002 74.85000000000001, -112.22306999999999 74.41696, -113.74381 74.39427, -113.87135 74.72029, -111.79420999999999 75.16250000000001, -116.31221 75.04343, -117.7104 75.2222, -116.34602000000001 76.19903000000001, -115.40487 76.47887, -112.59056000000001 76.14134, -110.81422 75.54919, -109.06710000000001 75.47321000000001, -110.49726000000001 76.42982, -109.58109999999999 76.79417, -108.54858999999999 76.67832000000001, -108.21141 76.20168000000001, -107.81943000000001 75.84552000000001)), ((-106.52258999999992 73.07601, -105.40245999999996 72.67259000000007, -104.77484000000004 71.6984000000001, -104.4647599999999 70.99297000000007, -102.78537 70.49776000000003, -100.98077999999992 70.02431999999999, -101.08928999999995 69.58447000000012, -102.73115999999993 69.50402000000003, -102.09329000000002 69.11962000000011, -102.43024000000003 68.75281999999999, -104.24000000000001 68.91000000000008, -105.96000000000004 69.18000000000012, -107.12254000000001 69.11922000000004, -108.99999999999994 68.78000000000003, -111.53414887520017 68.63005915681794, -113.31320000000005 68.53553999999997, -113.85495999999989 69.00744000000009, -115.22000000000003 69.28000000000009, -116.10793999999999 69.16821000000004, -117.34000000000003 69.9600000000001, -116.67472999999995 70.06655, -115.13112000000001 70.23730000000006, -113.72140999999999 70.1923700000001, -112.41610000000003 70.36637999999999, -114.35000000000002 70.60000000000002, -116.48684000000003 70.52044999999998, -117.90480000000002 70.54056000000014, -118.43238000000002 70.90920000000006, -116.11311 71.30917999999997, -117.65567999999996 71.29520000000002, -119.40199000000001 71.55858999999998, -118.56266999999997 72.30785000000003, -117.86641999999995 72.70594000000006, -115.18909000000002 73.31459000000012, -114.16716999999994 73.1214500000001, -114.66633999999999 72.65277000000009, -112.44101999999992 72.95540000000011, -111.05039 72.45040000000006, -109.92034999999993 72.96113000000008, -109.00653999999997 72.63335000000001, -108.18834999999996 71.65089, -107.68599 72.0654800000001, -108.39639 73.08953000000008, -107.51645000000002 73.23597999999998, -106.52258999999992 73.07601)), ((-100.43836 72.70588000000001, -101.54 73.36, -100.35642000000001 73.84389, -99.16387 73.63339, -97.38 73.76, -97.12 73.47, -98.05359 72.99052, -96.54 72.56, -96.72000000000001 71.66, -98.35966 71.27284999999999, -99.32286 71.35639, -100.01482 71.73827, -102.5 72.51, -102.48000000000002 72.83000000000001, -100.43836 72.70588000000001)), ((-106.6 73.60000000000001, -105.26 73.64, -104.5 73.42, -105.38000000000001 72.76, -106.94 73.46000000000001, -106.6 73.60000000000001)), ((-98.50000000000001 76.72, -97.735585 76.25656000000001, -97.70441500000001 75.74344, -98.16000000000001 75, -99.80874 74.89744, -100.88365999999999 75.05736, -100.86292000000002 75.64075, -102.50209 75.5638, -102.56552 76.3366, -101.48973 76.30537, -99.98349 76.64634, -98.57699 76.58859, -98.50000000000001 76.72)), ((-96.01644 80.60233000000001, -95.32345000000001 80.90729, -94.29843 80.97727, -94.73542 81.20646000000002, -92.40983999999999 81.25739000000003, -91.13288999999999 80.72345000000003, -89.45000000000002 80.50932203389831, -87.81 80.32000000000001, -87.02000000000001 79.66000000000001, -85.81435 79.3369, -87.18755999999999 79.0393, -89.03535000000001 78.28723, -90.80436 78.21533000000001, -92.87669000000001 78.34333000000001, -93.95116000000002 78.75099, -93.93574 79.11373, -93.14524 79.3801, -94.974 79.37248, -96.07614000000001 79.70502, -96.70972 80.15777, -96.01644 80.60233000000001)), ((-91.58702000000001 81.89429000000001, -90.10000000000001 82.08500000000004, -88.93227 82.11751000000001, -86.97024 82.27961, -85.5 82.65227345805702, -84.260005 82.60000000000001, -83.18 82.32, -82.42 82.86000000000001, -81.1 83.02, -79.30664 83.13056, -76.25 83.17205882352941, -75.71878000000001 83.06404000000002, -72.83153 83.23324000000001, -70.66576500000001 83.16978075838284, -68.50000000000001 83.10632151676572, -65.82735 83.02801000000001, -63.68 82.9, -61.85 82.62860000000002, -61.89388 82.36165000000001, -64.334 81.92775000000002, -66.75342 81.72527000000001, -67.65755 81.50141, -65.48031 81.50657000000002, -67.84 80.90000000000003, -69.4697 80.61683000000001, -71.18 79.8, -73.2428 79.63415, -73.88000000000001 79.43016220480206, -76.90773 79.32309000000001, -75.52924 79.19766000000001, -76.22046 79.01907, -75.39345 78.52581, -76.34354 78.18296000000001, -77.88851000000001 77.89991, -78.36269 77.50859000000001, -79.75951 77.20967999999999, -79.61965000000001 76.98336, -77.91089000000001 77.022045, -77.88911 76.777955, -80.56125 76.17812, -83.17439 76.45403, -86.11184 76.29901000000001, -87.60000000000001 76.42, -89.49068 76.47239, -89.6161 76.95213000000001, -87.76739 77.17833, -88.26 77.9, -87.65 77.97022222222223, -84.97634 77.53873, -86.34 78.18, -87.96191999999999 78.37181, -87.15198000000001 78.75867, -85.37868 78.99690000000001, -85.09495 79.34543000000001, -86.50734 79.73624, -86.93179 80.25145, -84.19844 80.20836, -83.40869565217389 80.10000000000001, -81.84823 80.46442, -84.1 80.58, -87.59895 80.51627, -89.36663 80.85569000000001, -90.2 81.26, -91.36786000000001 81.5531, -91.58702000000001 81.89429000000001)), ((-75.21597 67.44425, -75.86588 67.14886, -76.98687 67.09873, -77.2364 67.58809000000001, -76.81166 68.14856, -75.89521 68.28721, -75.11449999999999 68.01035999999999, -75.10333 67.58202, -75.21597 67.44425)), ((-96.25740120380055 69.49003035832177, -95.64768120380054 69.10769035832178, -96.26952120380055 68.75704035832177, -97.61740120380055 69.06003035832177, -98.43180120380055 68.95070035832177, -99.79740120380055 69.40003035832177, -98.91740120380055 69.71003035832177, -98.21826120380055 70.14354035832177, -97.15740120380055 69.86003035832177, -96.55740120380055 69.68003035832177, -96.25740120380055 69.49003035832177)), ((-64.51912 49.87304, -64.17322 49.95718, -62.858290000000004 49.70641, -61.835584999999995 49.28855, -61.806304999999995 49.10506000000001, -62.29318 49.08717, -63.589259999999996 49.400690000000004, -64.51912 49.87304)), ((-64.01486 47.03601, -63.6645 46.55001, -62.9393 46.41587, -62.012080000000005 46.44314, -62.503910000000005 46.033390000000004, -62.87433 45.968180000000004, -64.14280000000001 46.39265, -64.39261 46.72747, -64.01486 47.03601)))"
21,5347896.0,Europe,Norway,NOR,403336,"MULTIPOLYGON (((15.142820000000002 79.67431, 15.52255 80.01608, 16.990850000000002 80.05086, 18.25183 79.70175, 21.54383 78.95611, 19.02737 78.5626, 18.47172 77.82669, 17.59441 77.63796, 17.1182 76.80941, 15.91315 76.77045, 13.76259 77.38035, 14.669560000000002 77.73565, 13.1706 78.02493, 11.22231 78.8693, 10.44453 79.65239, 13.170770000000001 80.01046000000001, 13.71852 79.66039, 15.142820000000002 79.67431)), ((31.101042202597625 69.55810108805622, 29.399550000000033 69.15692000000013, 28.591929559043194 69.06477692328666, 29.015572950971972 69.76649119737799, 27.732292107867863 70.16419302029625, 26.179622023226244 69.82529897732614, 25.689212680776365 69.09211375596904, 24.735679152126725 68.64955678982146, 23.66204959483076 68.89124746365054, 22.356237827247412 68.84174144151491, 21.244936150810673 69.37044302029308, 20.645592889089528 69.10624726020087, 20.025268995857886 69.0651386583127, 19.878559604581255 68.40719432237258, 17.993868442464333 68.56739126247736, 17.729181756265348 68.01055186631628, 16.768878614985482 68.0139366726314, 16.108712192456778 67.30245555283689, 15.108411492583002 66.19386688909547, 13.55568973150909 64.78702769638151, 13.919905226302204 64.44542064071608, 13.571916131248713 64.04911408146971, 12.579935336973934 64.06621898055833, 11.930569288794231 63.12831757267698, 11.992064243221563 61.80036245385655, 12.631146681375185 61.293571682370136, 12.3003658382749 60.11793284773003, 11.468271925511146 59.43239329694604, 11.027368605196868 58.85614940045936, 10.356556837616067 59.469807033925356, 8.382000359743586 58.313288479233215, 7.048748406613271 58.078884182357285, 5.665835402050419 58.5881554225937, 5.308234490590678 59.663231919993834, 4.992078077828978 61.97099803328432, 5.912900424837886 62.614472968182724, 8.553411085655739 63.45400828719648, 10.527709181366758 64.4860383164975, 12.358346795306373 65.87972585719318, 14.761145867581604 67.81064158799516, 16.435927361728943 68.56320547146173, 19.18402835457846 69.81744415961778, 21.378416375420585 70.2551693793461, 23.023742303161526 70.2020718451662, 24.546543409938465 71.03049673123722, 26.37004967622181 70.98626170519539, 28.165547316202943 71.18547435168055, 31.293418409965454 70.4537877468599, 30.005435011522792 70.18625885688489, 31.101042202597625 69.55810108805622)), ((27.407505730913446 80.05640574820042, 25.92465050629815 79.51783397085451, 23.024465773213617 79.40001170522903, 20.075188429451828 79.56682322866722, 19.897266473070914 79.84236196564747, 18.462263624757867 79.85988027619443, 17.368015170977458 80.31889618602698, 20.45599205901064 80.59815562613225, 21.907944777115404 80.35767934846204, 22.91925255706738 80.65714427359343, 25.447625359811866 80.40734039989452, 27.407505730913446 80.05640574820042)), ((24.724120000000003 77.85385, 22.490320000000004 77.44493, 20.726010000000002 77.67704, 21.416110000000003 77.93504, 20.8119 78.25463, 22.884259999999998 78.45494000000001, 23.281340000000004 78.07954, 24.724120000000003 77.85385)))"
43,67059887.0,Europe,France,FRA,2715518,"MULTIPOLYGON (((-51.65779741067889 4.156232408053029, -52.249337531123956 3.241094468596245, -52.55642473001842 2.504705308437053, -52.939657151894956 2.1248576928756364, -53.41846513529531 2.0533891870159806, -53.554839240113544 2.334896551925951, -53.77852067728892 2.3767027856500818, -54.08806250671725 2.105556545414629, -54.524754197799716 2.3118488631237852, -54.2697051662232 2.7323916691150463, -54.181726040246275 3.1897797713304215, -54.00693050801901 3.6200377465925584, -54.399542202356514 4.212611395683467, -54.47863298197923 4.896755682795586, -53.9580446030709 5.756548163267765, -53.618452928264844 5.6465290389183735, -52.88214128275409 5.409850979021584, -51.8233428615259 4.565768133966131, -51.65779741067889 4.156232408053029)), ((6.186320428094177 49.463802802114515, 6.658229607783568 49.20195831969157, 8.099278598674744 49.01778351500333, 7.593676385131062 48.33301911070372, 7.466759067422231 47.62058197691181, 7.192202182655507 47.44976552997102, 6.736571079138059 47.541801255882845, 6.768713820023606 47.2877082383037, 6.037388950229001 46.725778713561866, 6.022609490593538 46.27298981382047, 6.5000997249704255 46.42967275652944, 6.843592970414505 45.99114655210061, 6.802355177445605 45.70857982032864, 7.096652459347837 45.33309886329589, 6.749955275101655 45.02851797136758, 7.007562290076635 44.25476675066136, 7.549596388386107 44.12790110938481, 7.435184767291872 43.69384491634922, 6.52924523278304 43.128892320318315, 4.556962517931424 43.399650987311595, 3.1004105973526634 43.075200507167054, 2.9859989762584576 42.47301504166986, 1.8267932470871528 42.34338471126569, 0.7015906103638941 42.795734361332606, 0.3380469091905809 42.57954600683955, -1.502770961910528 43.03401439063043, -1.901351284177764 43.42280202897834, -1.384225226232985 44.022610378590116, -1.1937975732374184 46.01491771095486, -2.2257242496738456 47.06436269793822, -2.9632761295596026 47.57032664650795, -4.4915549381594815 47.954954332056374, -4.592349819344776 48.68416046812699, -3.295813971357802 48.90169240985963, -1.6165107893849608 48.64442129169454, -1.933494025063311 49.776341864615745, -0.98946895995536 49.34737580016091, 1.3387610205226963 50.12717316344526, 1.6390010921384996 50.9466063502975, 2.5135730322461427 51.14850617126183, 2.658422071960274 50.796848049515745, 3.1232515804256877 50.78036326761455, 3.588184441755658 50.37899241800356, 4.2860229834250845 49.907496649772554, 4.799221632515724 49.98537303323637, 5.674051954784829 49.529483547557504, 5.897759230176348 49.44266714130711, 6.186320428094177 49.463802802114515)), ((8.746009148807559 42.62812185319392, 9.390000848028876 43.00998484961471, 9.560016310269134 42.15249197037952, 9.229752231491773 41.380006822264455, 8.775723097375362 41.58361196549443, 8.544212680707773 42.25651662858306, 8.746009148807559 42.62812185319392)))"
113,37970874.0,Europe,Poland,POL,595858,"POLYGON ((23.48412763844985 53.91249766704114, 23.527535841575002 53.470121568406555, 23.80493493011778 53.089731350306074, 23.79919884613338 52.69109935160657, 23.199493849386187 52.48697744405367, 23.508002150168693 52.02364655212473, 23.52707075368437 51.57845408793031, 24.029985792748903 50.70540660257518, 23.92275719574326 50.42488108987874, 23.426508416444392 50.30850576435745, 22.518450148211603 49.47677358661974, 22.776418898212626 49.02739533140962, 22.558137648211755 49.085738023467144, 21.607808058364213 49.47010732685409, 20.887955356538413 49.32877228453583, 20.415839471119853 49.43145335549977, 19.825022820726872 49.21712535256923, 19.320712517990472 49.571574001659194, 18.90957482267632 49.435845852244576, 18.853144158613617 49.49622976337764, 18.392913852622172 49.98862864847075, 17.64944502123899 50.049038397819956, 17.55456709155112 50.36214590107642, 16.86876915860566 50.47397370055603, 16.719475945714436 50.21574656839354, 16.176253289462267 50.42260732685791, 16.23862674323857 50.69773265237984, 15.490972120839729 50.78472992614321, 15.01699588385867 51.10667409932158, 14.607098422919535 51.74518809671997, 14.685026482815687 52.0899474147552, 14.437599725002201 52.62485016540839, 14.074521111719434 52.98126251892535, 14.353315463934138 53.24817129171297, 14.119686313542559 53.75702912049104, 14.802900424873458 54.05070628520575, 16.36347700365573 54.513158677785725, 17.622831658608675 54.85153595643291, 18.62085859546164 54.68260569927078, 18.696254510175464 54.43871877706929, 19.660640089606403 54.42608388937393, 20.892244500418627 54.31252492941253, 22.731098667092652 54.327536932993326, 23.24398725758951 54.22056671814914, 23.48412763844985 53.91249766704114))"
115,9769949.0,Europe,Hungary,HUN,163469,"POLYGON ((22.085608351334855 48.42226430927179, 22.640819939878725 48.150239569687415, 22.710531447040495 47.88219391538941, 22.099767693782837 47.6724392767167, 21.626514926853872 46.99423777931816, 21.02195234547125 46.3160879583519, 20.220192498462836 46.127468980486555, 19.596044549241583 46.17172984474454, 18.82983808764996 45.90887767189193, 18.829824792873946 45.908872358025285, 18.45606245288286 45.75948110613615, 17.630066359129557 45.95176911069419, 16.8825150895953 46.38063182228444, 16.564808383864857 46.50375092221983, 16.370504998447416 46.841327216166505, 16.202298211337364 46.85238597267696, 16.534267612380376 47.49617096616912, 16.340584344150415 47.71290192320123, 16.90375410326726 47.71486562762833, 16.979666782304037 48.123497015976305, 17.48847293464982 47.867466132186216, 17.857132602620027 47.75842886005037, 18.696512892336926 47.880953681014404, 18.77702477384767 48.081768296900634, 19.17436486173989 48.11137889260387, 19.661363559658497 48.26661489520866, 19.769470656013112 48.202691148463614, 20.239054396249347 48.32756724709692, 20.473562045989866 48.562850043321816, 20.801293979584926 48.623854071642384, 21.872236362401736 48.31997081155002, 22.085608351334855 48.42226430927179))"
117,19356544.0,Europe,Romania,ROU,250077,"POLYGON ((28.23355350109904 45.48828318946829, 28.67977949393938 45.304030870131704, 29.149724969201653 45.464925442072456, 29.603289015427436 45.293308010431126, 29.62654340995877 45.0353909368624, 29.141611769331835 44.820210272799045, 28.8378577003202 44.913873806328056, 28.558081495891997 43.70746165625813, 27.970107049275075 43.81246816667522, 27.242399529740908 44.175986029632405, 26.065158725699746 43.94349376075127, 25.569271681426926 43.68844472917472, 24.100679152124172 43.74105133724785, 23.332302280376325 43.897010809904714, 22.944832391051847 43.82378530534713, 22.65714969248299 44.23492300066128, 22.4740084164406 44.40922760678177, 22.705725538837356 44.57800283464702, 22.459022251075936 44.7025171982543, 22.14508792490281 44.47842234962059, 21.56202273935361 44.7689472519655, 21.48352623870221 45.18117015235788, 20.874312778413355 45.416375433934235, 20.762174920339987 45.734573065771485, 20.220192498462836 46.127468980486555, 21.02195234547125 46.3160879583519, 21.626514926853872 46.99423777931816, 22.099767693782837 47.6724392767167, 22.710531447040495 47.88219391538941, 23.142236362406805 48.09634105080695, 23.76095828623741 47.985598456405455, 24.40205610525038 47.98187775328043, 24.866317172960578 47.737525743188314, 25.20774336111299 47.89105642352747, 25.9459411964024 47.987148749374214, 26.19745039236693 48.22088125263035, 26.619336785597795 48.22072622333347, 26.924176059687568 48.123264472030996, 27.233872918412743 47.82677094175638, 27.551166212684848 47.40511709247083, 28.128030226359044 46.810476386088254, 28.160017937947714 46.37156260841722, 28.0544429867754 45.944586086605625, 28.23355350109904 45.48828318946829))"
118,2786844.0,Europe,Lithuania,LTU,54627,"POLYGON ((26.494331495883756 55.615106919977634, 26.58827924979039 55.16717560487167, 25.7684326514798 54.84696259217509, 25.536353794056993 54.28242340760253, 24.450683628037037 53.905702216194754, 23.48412763844985 53.91249766704114, 23.24398725758951 54.22056671814914, 22.731098667092652 54.327536932993326, 22.65105187347254 54.582740993866736, 22.75776370615526 54.85657440858138, 22.315723504330577 55.015298570365864, 21.268448927503467 55.190481675835315, 21.055800408622417 56.031076361711065, 22.201156853939494 56.33780182557949, 23.878263787539964 56.27367137310527, 24.86068444184076 56.37252838807963, 25.000934279080894 56.16453074810484, 25.533046502390334 56.100296942766036, 26.494331495883756 55.615106919977634))"
119,1912789.0,Europe,Latvia,LVA,34102,"POLYGON ((27.288184848751513 57.47452830670383, 27.77001590344093 57.24425812441123, 27.855282016722526 56.75932648378429, 28.17670942557794 56.16912995057879, 27.10245975109453 55.783313707087686, 26.494331495883756 55.615106919977634, 25.533046502390334 56.100296942766036, 25.000934279080894 56.16453074810484, 24.86068444184076 56.37252838807963, 23.878263787539964 56.27367137310527, 22.201156853939494 56.33780182557949, 21.055800408622417 56.031076361711065, 21.090423618257972 56.78387278912294, 21.581866489353672 57.411870632549935, 22.52434126149288 57.75337433535076, 23.318452996522097 57.00623647727487, 24.12072960785343 57.02569265403277, 24.312862583114622 57.79342357037697, 25.16459354014927 57.97015696881519, 25.60280968598437 57.84752879498657, 26.463532342237787 57.47638865826633, 27.288184848751513 57.47452830670383))"
120,1326590.0,Europe,Estonia,EST,31471,"POLYGON ((27.981126857000987 59.47537333432527, 27.981120000000033 59.47537000000011, 28.13169925305175 59.300825100330925, 27.42015000000015 58.72457000000014, 27.71668582531572 57.79189911562436, 27.288184848751513 57.47452830670383, 26.463532342237787 57.47638865826633, 25.60280968598437 57.84752879498657, 25.16459354014927 57.97015696881519, 24.312862583114622 57.79342357037697, 24.42892785004216 58.38341339785329, 24.061198357853186 58.25737457949341, 23.426560092876684 58.612753404364625, 23.339795363058645 59.187240302153384, 24.604214308376186 59.46585378685502, 25.86418908051664 59.61109039981133, 26.949135776484525 59.445803331125774, 27.981114129353244 59.475388088612874, 27.981126857000987 59.47537333432527))"
121,83132799.0,Europe,Germany,DEU,3861123,"POLYGON ((14.119686313542559 53.75702912049104, 14.353315463934138 53.24817129171297, 14.074521111719434 52.98126251892535, 14.437599725002201 52.62485016540839, 14.685026482815687 52.0899474147552, 14.607098422919535 51.74518809671997, 15.01699588385867 51.10667409932158, 14.570718214586066 51.002339382524276, 14.307013380600637 51.117267767941414, 14.056227654688172 50.9269176295943, 13.338131951560285 50.73323436136435, 12.966836785543194 50.484076443069085, 12.240111118222558 50.266337795607285, 12.415190870827445 49.96912079528057, 12.521024204161193 49.547415269562734, 13.031328973043431 49.30706818297324, 13.595945672264437 48.87717194273715, 13.243357374737 48.416114813829054, 12.884102817443875 48.28914581968786, 13.02585127122049 47.63758352313583, 12.932626987365948 47.467645575544, 12.620759718484493 47.67238760028441, 12.141357456112788 47.703083401065776, 11.426414015354737 47.523766181012974, 10.544504021861599 47.5663992376538, 10.402083774465211 47.30248769793916, 9.89606814946319 47.580196845075704, 9.59422610844635 47.52505809182027, 8.522611932009767 47.83082754169129, 8.317301466514095 47.61357982033627, 7.466759067422231 47.62058197691181, 7.593676385131062 48.33301911070372, 8.099278598674744 49.01778351500333, 6.658229607783568 49.20195831969157, 6.186320428094177 49.463802802114515, 6.242751092156993 49.90222565367873, 6.043073357781111 50.128051662794235, 6.15665815595878 50.80372101501058, 5.988658074577813 51.851615709025054, 6.589396599970826 51.852029120483394, 6.842869500362383 52.22844025329755, 7.092053256873896 53.144043280644894, 6.905139601274129 53.48216217713065, 7.100424838905269 53.69393219666267, 7.936239454793963 53.74829580343379, 8.121706170289485 53.52779246684429, 8.800734490604668 54.020785630908904, 8.57211795414537 54.39564647075406, 8.526229282270208 54.96274363872516, 9.282048780971138 54.830865383516176, 9.921906365609118 54.98310415304803, 9.9395797054529 54.596641954153256, 10.950112338920519 54.363607082733154, 10.93946699386845 54.00869334575259, 11.956252475643282 54.19648550070116, 12.518440382546714 54.470370591847995, 13.647467075259499 54.0755109727059, 14.119686313542559 53.75702912049104))"
122,6975761.0,Europe,Bulgaria,BGR,68558,"POLYGON ((22.65714969248299 44.23492300066128, 22.944832391051847 43.82378530534713, 23.332302280376325 43.897010809904714, 24.100679152124172 43.74105133724785, 25.569271681426926 43.68844472917472, 26.065158725699746 43.94349376075127, 27.242399529740908 44.175986029632405, 27.970107049275075 43.81246816667522, 28.558081495891997 43.70746165625813, 28.03909508638472 43.293171698574184, 27.67389773937805 42.57789236100622, 27.99672041190539 42.00735871028779, 27.13573937349048 42.14148489030134, 26.1170418637208 41.82690460872456, 26.106138136507127 41.32889883072784, 25.197201368925448 41.23448598893053, 24.492644891057978 41.58389618587205, 23.692073601992348 41.309080918943856, 22.952377150166452 41.33799388281115, 22.881373732197346 41.999297186850356, 22.380525750424592 42.32025950781509, 22.54501183440962 42.46136200618804, 22.43659467946128 42.580321153323936, 22.60480146657133 42.898518785161144, 22.986018507588483 43.2111612005271, 22.500156691180223 43.642814439461006, 22.410446404721597 44.008063462899955, 22.65714969248299 44.23492300066128))"
123,10716322.0,Europe,Greece,GRC,209852,"MULTIPOLYGON (((26.290002882601698 35.29999034274793, 26.16499759288766 35.00499542900977, 24.724982130642303 34.91998769788964, 24.735007358506916 35.08499054619759, 23.51497846852808 35.27999156345098, 23.699980096133004 35.70500438083549, 24.246665073348705 35.368022365860185, 25.02501549652891 35.42499563246197, 25.769207797964185 35.35401805270908, 25.745023227651586 35.1799976669662, 26.290002882601698 35.29999034274793)), ((22.952377150166452 41.33799388281115, 23.692073601992348 41.309080918943856, 24.492644891057978 41.58389618587205, 25.197201368925448 41.23448598893053, 26.106138136507127 41.32889883072784, 26.1170418637208 41.82690460872456, 26.60419559093623 41.562114569661105, 26.294602085075667 40.93626129817413, 26.05694217296534 40.82412344010076, 25.44767703624416 40.85254547786144, 24.92584842296094 40.947061672523205, 23.71481123220076 40.687129218095095, 24.40799889496401 40.12499298762407, 23.899967889102584 39.96200552017552, 23.342999301860743 39.96099782974579, 22.813987664488934 40.476005153966526, 22.626298862404724 40.25656118423916, 22.84974775563478 39.659310818025745, 23.35002729665257 39.190011298167235, 22.973099399515547 38.97090322524963, 23.530016310324925 38.51000112563844, 24.025024855248887 38.21999298761642, 24.040011020613576 37.655014553369426, 23.115002882589124 37.920011298162194, 23.409971958111043 37.40999074965737, 22.77497195810861 37.30501007745653, 23.15422529469862 36.422505804992056, 22.490028110451078 36.4100001083774, 21.67002648284364 36.8449864771942, 21.29501061370155 37.64498932550464, 21.120034213961333 38.31032339126273, 20.730032179454554 38.769985256498785, 20.217712029712857 39.34023468683961, 20.15001590341052 39.62499766698397, 20.615000441172754 40.11000682225938, 20.674996779063633 40.43499990494303, 20.999989861747224 40.58000397395398, 21.0200403174764 40.84272695572588, 21.674160597426976 40.931274522457954, 22.05537763844427 41.14986583105269, 22.597308383889015 41.130487168943205, 22.761770000000013 41.30480000000006, 22.952377150166452 41.33799388281115)))"
124,83429615.0,Asia,Turkey,TUR,761425,"MULTIPOLYGON (((44.77267710159504 37.17043692561684, 44.29345177590287 37.0015143906063, 43.9422587420473 37.25622752537295, 42.77912560402183 37.385263576805755, 42.34959109881177 37.2298725449041, 41.21208947120305 37.074352321921694, 40.67325931169569 37.09127635349729, 39.52258019385255 36.71605377862599, 38.6998913917659 36.71292735447234, 38.1677274920242 36.90121043552777, 37.06676110204583 36.62303620050062, 36.7394942563414 36.81752045343109, 36.6853890317318 36.259699205056464, 36.417550083163036 36.04061697035506, 36.149762811026534 35.82153473565367, 35.782084995269855 36.27499542901485, 36.160821567537 36.65060557712833, 35.55093631362831 36.565442816711325, 34.714553256984345 36.7955321314909, 34.026894972476384 36.219960028624016, 32.509158156064075 36.107563788389186, 31.699595167779567 36.64427521417258, 30.621624790171097 36.6778648951623, 30.391096225717064 36.26298065850699, 29.69997562024554 36.144357408180994, 28.732902866335422 36.67683136651647, 27.641186557737317 36.65882212986274, 27.048767937943264 37.653360907536, 26.318218214633045 38.208133246405396, 26.804700148228733 38.985760199533516, 26.17078535330433 39.463612168936464, 27.28001997244939 40.42001373957831, 28.81997765474722 40.46001129817221, 29.240003696415584 41.21999074967267, 31.14593387220444 41.08762156835702, 32.34797936374571 41.736264146484615, 33.51328291192746 42.01896006933731, 35.167703891751785 42.040224921225416, 36.9131270688421 41.33535838476427, 38.34766482926452 40.94858612727573, 39.512606642420195 41.10276276301855, 40.373432651538224 41.01367259374735, 41.55408410011066 41.53565623632757, 42.61954878110449 41.58317271581994, 43.58274580259273 41.09214325618257, 43.75265791196841 40.74020091405876, 43.65643639504094 40.253563951166186, 44.4000085792887 40.00500031184228, 44.79398969908195 39.71300263117705, 44.10922529478234 39.4281362981681, 44.421402622257546 38.28128123631454, 44.22575564960053 37.97158437758935, 44.77267 37.17045, 44.77267710159504 37.17043692561684)), ((26.1170418637208 41.82690460872456, 27.13573937349048 42.14148489030134, 27.99672041190539 42.00735871028779, 28.115524529744416 41.62288605403624, 28.988442824018733 41.29993419042819, 28.806438429486743 41.05496206314856, 27.61901736828409 40.99982330989314, 27.19237674328238 40.69056570084242, 26.35800906749779 40.151993923496505, 26.04335127127257 40.61775360774317, 26.05694217296534 40.82412344010076, 26.294602085075667 40.93626129817413, 26.60419559093623 41.562114569661105, 26.1170418637208 41.82690460872456)))"
125,2854191.0,Europe,Albania,ALB,15279,"POLYGON ((21.0200403174764 40.84272695572588, 20.999989861747224 40.58000397395398, 20.674996779063633 40.43499990494303, 20.615000441172754 40.11000682225938, 20.15001590341052 39.62499766698397, 19.980000441170148 39.69499339452341, 19.960001661873207 39.91500580500605, 19.406081984136733 40.250773423822466, 19.319058872157143 40.72723012955356, 19.40354983895429 41.40956574153546, 19.540027296637106 41.71998607031276, 19.37176883309496 41.877547512370654, 19.37176816334725 41.877550679783496, 19.304486118250793 42.19574514420782, 19.73805138517963 42.68824738216557, 19.801613396898688 42.50009349219084, 20.070700000000045 42.58863000000008, 20.283754510181893 42.32025950781508, 20.522950000000037 42.21787000000006, 20.590246546680227 41.855408919283626, 20.59024743010491 41.855404161133606, 20.463175083099202 41.51508901627534, 20.605181919037364 41.086226304685226, 21.0200403174764 40.84272695572588))"
126,4067500.0,Europe,Croatia,HRV,60752,"POLYGON ((16.564808383864857 46.50375092221983, 16.8825150895953 46.38063182228444, 17.630066359129557 45.95176911069419, 18.45606245288286 45.75948110613615, 18.829824792873946 45.908872358025285, 19.072768995854176 45.52151113543209, 19.39047570158459 45.236515611342384, 19.005484597557594 44.86023449354299, 18.553214145591653 45.08158966733146, 17.861783481526402 45.067740383477144, 17.002146030351014 45.23377676043094, 16.534939406000206 45.21160757097772, 16.318156772535872 45.00412669532591, 15.959367303133376 45.23377676043094, 15.750026075918981 44.818711656262565, 16.23966027188453 44.35114329688571, 16.456442905348865 44.04123973243128, 16.91615644701733 43.66772247982567, 17.297373488034452 43.44634064388737, 17.674921502358984 43.02856252702361, 18.559999999999945 42.64999999999998, 18.45001688302086 42.47999224531218, 18.450016310304818 42.47999136002932, 17.509970330483327 42.849994615239154, 16.930005730871642 43.20999848080038, 16.015384555737683 43.50721548112722, 15.174453973052096 44.243191229827914, 15.376250441151797 44.31791535092208, 14.92030927904051 44.73848399512946, 14.901602410550879 45.07606028907611, 14.258747592839995 45.23377676043094, 13.952254672917036 44.80212352149687, 13.656975538801191 45.13693512631596, 13.67940311041582 45.48414907488501, 13.715059848697223 45.500323798192376, 14.411968214585414 45.46616567644746, 14.595109490627806 45.634940904312714, 14.935243767972935 45.471695054702685, 15.327674594797429 45.45231639259333, 15.323953891672405 45.73178253842768, 15.671529575267556 45.83415355079788, 15.768732944408553 46.23810822202345, 16.564808383864857 46.50375092221983))"
128,619896.0,Europe,Luxembourg,LUX,71104,"POLYGON ((6.043073357781111 50.128051662794235, 6.242751092156993 49.90222565367873, 6.186320428094177 49.463802802114515, 5.897759230176348 49.44266714130711, 5.674051954784829 49.529483547557504, 5.782417433300907 50.09032786722122, 6.043073357781111 50.128051662794235))"
129,11484055.0,Europe,Belgium,BEL,533097,"POLYGON ((6.15665815595878 50.80372101501058, 6.043073357781111 50.128051662794235, 5.782417433300907 50.09032786722122, 5.674051954784829 49.529483547557504, 4.799221632515724 49.98537303323637, 4.2860229834250845 49.907496649772554, 3.588184441755658 50.37899241800356, 3.1232515804256877 50.78036326761455, 2.658422071960274 50.796848049515745, 2.5135730322461427 51.14850617126183, 3.3149711442285366 51.345780951536085, 3.3150114849641596 51.34577662473805, 3.3149711442285366 51.34575511331991, 4.047071160507528 51.26725861266857, 4.973991326526914 51.47502370869813, 5.606975945670001 51.03729848896978, 6.15665815595878 50.80372101501058))"
130,17332850.0,Europe,Netherlands,NLD,907050,"POLYGON ((6.905139601274129 53.48216217713065, 7.092053256873896 53.144043280644894, 6.842869500362383 52.22844025329755, 6.589396599970826 51.852029120483394, 5.988658074577813 51.851615709025054, 6.15665815595878 50.80372101501058, 5.606975945670001 51.03729848896978, 4.973991326526914 51.47502370869813, 4.047071160507528 51.26725861266857, 3.3149711442285366 51.34575511331991, 3.3150114849641596 51.34577662473805, 3.8302885270431375 51.62054454203195, 4.705997348661185 53.091798407597764, 6.074182570020923 53.510403347378144, 6.905139601274129 53.48216217713065))"
131,10269417.0,Europe,Portugal,PRT,238785,"POLYGON ((-9.034817674180246 41.880570583659676, -8.67194576662672 42.13468943945496, -8.263856980817792 42.28046865495034, -8.013174607769912 41.790886135417125, -7.422512986673795 41.79207469335984, -7.251308966490824 41.91834605566505, -6.6686055159676565 41.883386949219584, -6.389087693700915 41.381815497394655, -6.851126674822552 41.11108266861753, -6.864019944679385 40.33087189387483, -7.026413133156595 40.184524237624245, -7.066591559263529 39.711891587882775, -7.498632371439726 39.62957103124181, -7.098036668313128 39.03007274022379, -7.374092169616318 38.37305858006492, -7.029281175148796 38.07576406508977, -7.166507941099865 37.803894354802225, -7.537105475281024 37.42890432387624, -7.453725551778092 37.09778758396607, -7.855613165711986 36.83826854099627, -8.382816127953689 36.97888011326246, -8.898856980820327 36.86880931248078, -8.746101446965554 37.65134552667661, -8.83999752443988 38.266243394517616, -9.287463751655224 38.3584858261586, -9.526570603869715 38.73742910415491, -9.446988898140233 39.39206614842837, -9.048305223008427 39.75509308527877, -8.977353481471681 40.15930613866581, -8.768684047877102 40.76063894303019, -8.79085323733031 41.18433401139126, -8.99078935386757 41.54345937760364, -9.034817674180246 41.880570583659676))"
132,47076781.0,Europe,Spain,ESP,1393490,"POLYGON ((-7.453725551778092 37.09778758396607, -7.537105475281024 37.42890432387624, -7.166507941099865 37.803894354802225, -7.029281175148796 38.07576406508977, -7.374092169616318 38.37305858006492, -7.098036668313128 39.03007274022379, -7.498632371439726 39.62957103124181, -7.066591559263529 39.711891587882775, -7.026413133156595 40.184524237624245, -6.864019944679385 40.33087189387483, -6.851126674822552 41.11108266861753, -6.389087693700915 41.381815497394655, -6.6686055159676565 41.883386949219584, -7.251308966490824 41.91834605566505, -7.422512986673795 41.79207469335984, -8.013174607769912 41.790886135417125, -8.263856980817792 42.28046865495034, -8.67194576662672 42.13468943945496, -9.034817674180246 41.880570583659676, -8.984433152695672 42.59277517350627, -9.392883673530648 43.0266246608127, -7.97818966310831 43.74833771420099, -6.754491746436756 43.567909450853925, -5.411886359061597 43.57423981380968, -4.3478427799557835 43.40344920508504, -3.5175317041060907 43.4559007838613, -1.901351284177764 43.42280202897834, -1.502770961910528 43.03401439063043, 0.3380469091905809 42.57954600683955, 0.7015906103638941 42.795734361332606, 1.8267932470871528 42.34338471126569, 2.9859989762584576 42.47301504166986, 3.0394840836805486 41.892120266276905, 2.0918416683121848 41.226088568683096, 0.8105245296351882 41.01473196060934, 0.7213310074994013 40.678318386389236, 0.1066915218198687 40.12393362076202, -0.278711310212941 39.30997813573272, 0.1112907242938377 38.73851430923304, -0.4671235823491031 38.29236583104115, -0.6833894514905978 37.642353827457825, -1.4383821272748492 37.44306366632422, -2.146452602538119 36.67414419203729, -3.4157808089233868 36.65889964451118, -4.368900926114719 36.677839056946155, -4.995219285492212 36.32470815687964, -5.3771597965614575 35.946850083961465, -5.866432257500904 36.02981659600606, -6.236693894872175 36.367677110330334, -6.520190802425404 36.94291331638732, -7.453725551778092 37.09778758396607))"
141,60297396.0,Europe,Italy,ITA,2003576,"MULTIPOLYGON (((10.44270145024663 46.89354625099743, 11.048555942436536 46.75135854754634, 11.16482791509327 46.94157949481273, 12.153088006243054 47.11539317482645, 12.376485223040817 46.76755910906985, 13.806475457421527 46.509306138691215, 13.698109978905478 46.01677806251735, 13.937630242578308 45.59101593686462, 13.141606479554296 45.73669179949542, 12.32858117030625 45.381778062514826, 12.383874952858548 44.885374253919096, 12.261453484759102 44.600482082693986, 12.589237094786455 44.09136587175446, 13.526905958722494 43.587727362637864, 14.029820997787029 42.761007798832466, 15.142569614327925 41.95513967545685, 15.926191033601896 41.961315009115715, 16.169897088290384 41.74029490820339, 15.889345737377797 41.541082261718216, 16.785001661860548 41.17960561783656, 17.51916873543118 40.87714345963222, 18.37668745288252 40.35562490494263, 18.48024702319543 40.16886627863981, 18.293385044028042 39.810774441073264, 17.738380161213314 40.277671006830346, 16.869595981522338 40.44223460546381, 16.448743116937322 39.79540070246644, 17.17148969897147 39.42469981542068, 17.052840610429314 38.90287120213735, 16.635088331781816 38.843572496082416, 16.100960727613 37.9858987493342, 15.684086948314473 37.908849188787016, 15.687962680736348 38.21459280044188, 15.89198123542468 38.75094249119924, 16.109332309644287 38.9645470240777, 15.718813510814613 39.54407237401492, 15.413612501698793 40.048356838535156, 14.99849572109818 40.17294871679087, 14.703268263414714 40.604550279292596, 14.060671827865264 40.7863479680954, 13.627985060285397 41.1882872584616, 12.888081902730365 41.253089504555604, 12.106682570044939 41.70453481705741, 11.191906365614216 42.3554253199897, 10.51194786951774 42.93146251074721, 10.200028924203991 43.9200068222746, 9.702488234097842 44.03627879493132, 8.88894616052687 44.36633616797951, 8.428560825238577 44.23122813575242, 7.8507666357831445 43.76714793555524, 7.435184767291872 43.69384491634922, 7.549596388386107 44.12790110938481, 7.007562290076635 44.25476675066136, 6.749955275101655 45.02851797136758, 7.096652459347837 45.33309886329589, 6.802355177445605 45.70857982032864, 6.843592970414505 45.99114655210061, 7.2738509456766565 45.776947740250776, 7.7559920589598335 45.82449005795931, 8.31662967289438 46.16364248309086, 8.489952426801324 46.005150865251686, 8.966305779667806 46.03693187111119, 9.182881707403055 46.44021474871698, 9.922836541390382 46.31489940040919, 10.363378126678612 46.48357127540986, 10.44270145024663 46.89354625099743)), ((14.761249220446189 38.14387360285046, 15.520376010813806 38.23115509699143, 15.160242954171736 37.44404551853776, 15.309897902089006 37.13421946873183, 15.099988234119422 36.6199872909954, 14.335228712631988 36.996630967754726, 13.826732618879959 37.10453135838016, 12.431003859108756 37.61294993748375, 12.570943637755136 38.12638113051966, 13.741156447004613 38.03496552179533, 14.761249220446189 38.14387360285046)), ((8.709990675500109 40.899984442705225, 9.210011834356266 41.209991360024176, 9.80997521326492 40.50000885676613, 9.669518670295616 39.17737641047178, 9.214817742559433 39.24047333430015, 8.806935662479674 38.906617743478506, 8.428302443077115 39.17184703221655, 8.388253208050912 40.37831085871876, 8.159998406617689 40.95000722916376, 8.709990675500109 40.899984442705225)))"
142,5818553.0,Europe,Denmark,DNK,350104,"MULTIPOLYGON (((9.921906365609118 54.98310415304803, 9.282048780971138 54.830865383516176, 8.526229282270208 54.96274363872516, 8.120310906617533 55.5177226833236, 8.08997684086222 56.54001170513759, 8.256581658571207 56.80996938743033, 8.543437534223415 57.11000275331695, 9.424469028367554 57.1720661484995, 9.775558709358535 57.44794078228966, 10.580005730846125 57.73001658795485, 10.546105991262664 57.21573273378612, 10.250000034230226 56.89001618105044, 10.369992710011957 56.60998159446079, 10.912181837618306 56.458621324277885, 10.667803989310016 56.08138336854721, 10.369992710011957 56.19000722922473, 9.649984978889279 55.469999498102055, 9.921906365609118 54.98310415304803)), ((12.370904168353292 56.111407375708794, 12.690006137755603 55.60999095318074, 12.089991082414684 54.80001455343792, 11.043543328504226 55.36486379660424, 10.903913608451603 55.77995473898872, 12.370904168353292 56.111407375708794)))"
143,66834405.0,Europe,United Kingdom,GBR,2829108,"MULTIPOLYGON (((-6.197884894220991 53.867565009163364, -6.953730231138067 54.073702297575636, -7.572167934591064 54.059956366586, -7.3660306461787854 54.59584096945272, -7.572167934591064 55.13162221945487, -6.733847011736145 55.17286001242378, -5.661948614921968 54.55460317648381, -6.197884894220991 53.867565009163364)), ((-3.093830673788716 53.404547400669685, -3.0920796370471066 53.40444082296358, -2.945008510744344 53.98499970154671, -3.614700825433033 54.600936773292574, -3.6300054589893307 54.615012925833014, -4.8441690739030605 54.790971177786844, -5.0825266178492825 55.06160065369937, -4.7191121077567 55.50847260194348, -5.047980922862109 55.78398550070756, -5.586397670911197 55.31114614523682, -5.644998745130238 56.27501496034483, -6.1499808414864106 56.785009670633485, -5.786824713555291 57.81884837506465, -5.009998745127632 58.63001333275008, -4.211494513353557 58.55084503847911, -3.0050048486352807 58.63500010846633, -4.073828497728073 57.55302480735526, -3.0550017968777183 57.69001902936094, -1.9592805647769183 57.68479970969952, -2.219988165689358 56.87001740175356, -3.1190030582711756 55.973793036515474, -2.085009324543023 55.9099984808513, -2.005675679673857 55.804902850350175, -1.11499101399221 54.624986477265395, -0.4304849918542004 54.46437612570219, 0.1849813167420393 53.32501414653103, 0.469976840831805 52.929999498092, 1.6815307959146821 52.739520168664, 1.5599878271643206 52.09999848083601, 1.0505615576309424 51.806760565795685, 1.4498653499502439 51.28942780212191, 0.5503336930455021 50.765738837275876, -0.7875174625586965 50.77498891865622, -2.4899975244144343 50.50001862243124, -2.956273972984093 50.696879991247044, -3.617448085942385 50.22835561787275, -4.542507900399244 50.341837063185665, -5.245023159191135 49.95999990498109, -5.776566941745273 50.15967763935686, -4.309989793301895 51.21000112568919, -3.414850633142123 51.42600861266925, -3.4227194671083794 51.42684816740609, -4.9843672347109305 51.593466091511004, -5.267295701508942 51.991400458374585, -4.222346564134909 52.301355699261364, -4.77001339356417 52.840004991255626, -4.579999152026971 53.49500377055517, -3.093830673788716 53.404547400669685)))"
144,361313.0,Europe,Iceland,ISL,24188,"POLYGON ((-14.508695441129234 66.45589223903143, -14.739637417041607 65.8087482774403, -13.60973222497981 65.12667104761987, -14.909833746794902 64.36408193628868, -17.794438035543422 63.678749091233854, -18.656245896874992 63.49638296167582, -19.97275468594276 63.64363495549153, -22.762971971110158 63.960178941495386, -21.778484259517683 64.40211579045551, -23.95504391121911 64.8911298692335, -22.184402635170358 65.0849681667603, -22.227423265053332 65.37859365504274, -24.326184047939336 65.61118927678847, -23.65051469572309 66.26251902939522, -22.134922451250887 66.41046865504687, -20.57628373867955 65.73211212835143, -19.05684160000159 66.27660085719477, -17.79862382655905 65.99385325790978, -16.167818976292125 66.52679230413587, -14.508695441129234 66.45589223903143))"
150,2087946.0,Europe,Slovenia,SVN,54174,"POLYGON ((13.806475457421527 46.509306138691215, 14.63247155117483 46.43181732846955, 15.137091912504985 46.65870270444703, 16.011663852612656 46.6836107448117, 16.202298211337364 46.85238597267696, 16.370504998447416 46.841327216166505, 16.564808383864857 46.50375092221983, 15.768732944408553 46.23810822202345, 15.671529575267556 45.83415355079788, 15.323953891672405 45.73178253842768, 15.327674594797429 45.45231639259333, 14.935243767972935 45.471695054702685, 14.595109490627806 45.634940904312714, 14.411968214585414 45.46616567644746, 13.715059848697223 45.500323798192376, 13.937630242578308 45.59101593686462, 13.698109978905478 46.01677806251735, 13.806475457421527 46.509306138691215))"
151,5520314.0,Europe,Finland,FIN,269296,"POLYGON ((28.591929559043194 69.06477692328666, 28.445943637818658 68.36461294216404, 29.97742638522061 67.69829702419275, 29.054588657352326 66.94428620062206, 30.217650000000003 65.80598, 29.54442955904699 64.94867157659048, 30.44468468600371 64.20445343693909, 30.035872430142717 63.55281362573855, 31.516092156711125 62.86768748641289, 31.139991082490894 62.35769277612441, 30.21110721204445 61.780027777749694, 28.07000000000005 60.503520000000094, 28.070001921525666 60.50351912796823, 28.069997592895277 60.50351654727584, 26.255172967236973 60.4239606797625, 24.496623976344523 60.05731639265166, 22.869694858499457 59.846373196036225, 22.290763787533592 60.39192129174154, 21.322244093519316 60.720169989659524, 21.544866163832694 61.70532949487179, 21.05921105315369 62.60739329695874, 21.536029493910803 63.18973501245587, 22.442744174903993 63.81781037053129, 24.730511508897536 64.90234365504084, 25.398067661243942 65.11142650009374, 25.294043003040404 65.53434642197045, 23.903378533633802 66.00692739527962, 23.565879754335583 66.39605093043743, 23.53947309743444 67.93600861273525, 21.978534783626117 68.6168456081807, 20.645592889089528 69.10624726020087, 21.244936150810673 69.37044302029308, 22.356237827247412 68.84174144151491, 23.66204959483076 68.89124746365054, 24.735679152126725 68.64955678982146, 25.689212680776365 69.09211375596904, 26.179622023226244 69.82529897732614, 27.732292107867863 70.16419302029625, 29.015572950971972 69.76649119737799, 28.591929559043194 69.06477692328666))"
152,5454073.0,Europe,Slovakia,SVK,105079,"POLYGON ((22.558137648211755 49.085738023467144, 22.28084191253356 48.82539215758067, 22.085608351334855 48.42226430927179, 21.872236362401736 48.31997081155002, 20.801293979584926 48.623854071642384, 20.473562045989866 48.562850043321816, 20.239054396249347 48.32756724709692, 19.769470656013112 48.202691148463614, 19.661363559658497 48.26661489520866, 19.17436486173989 48.11137889260387, 18.77702477384767 48.081768296900634, 18.696512892336926 47.880953681014404, 17.857132602620027 47.75842886005037, 17.48847293464982 47.867466132186216, 16.979666782304037 48.123497015976305, 16.879982944413 48.47001333270947, 16.960288120194576 48.5969823268506, 17.101984897538898 48.816968899117114, 17.545006951577108 48.80001902932537, 17.88648481616181 48.90347524677371, 17.913511590250465 48.996492824899086, 18.104972771891852 49.04398346617531, 18.170498488037964 49.271514797556435, 18.399993523846177 49.31500051533004, 18.554971144289482 49.495015367218784, 18.853144158613617 49.49622976337764, 18.90957482267632 49.435845852244576, 19.320712517990472 49.571574001659194, 19.825022820726872 49.21712535256923, 20.415839471119853 49.43145335549977, 20.887955356538413 49.32877228453583, 21.607808058364213 49.47010732685409, 22.558137648211755 49.085738023467144))"
153,10669709.0,Europe,Czechia,CZE,250680,"POLYGON ((15.01699588385867 51.10667409932158, 15.490972120839729 50.78472992614321, 16.23862674323857 50.69773265237984, 16.176253289462267 50.42260732685791, 16.719475945714436 50.21574656839354, 16.86876915860566 50.47397370055603, 17.55456709155112 50.36214590107642, 17.64944502123899 50.049038397819956, 18.392913852622172 49.98862864847075, 18.853144158613617 49.49622976337764, 18.554971144289482 49.495015367218784, 18.399993523846177 49.31500051533004, 18.170498488037964 49.271514797556435, 18.104972771891852 49.04398346617531, 17.913511590250465 48.996492824899086, 17.88648481616181 48.90347524677371, 17.545006951577108 48.80001902932537, 17.101984897538898 48.816968899117114, 16.960288120194576 48.5969823268506, 16.499282667718774 48.78580801044511, 16.02964725105022 48.73389903420793, 15.253415561593982 49.03907420510758, 14.901447381254057 48.964401760445824, 14.338897739324722 48.55530528420721, 13.595945672264437 48.87717194273715, 13.031328973043431 49.30706818297324, 12.521024204161193 49.547415269562734, 12.415190870827445 49.96912079528057, 12.240111118222558 50.266337795607285, 12.966836785543194 50.484076443069085, 13.338131951560285 50.73323436136435, 14.056227654688172 50.9269176295943, 14.307013380600637 51.117267767941414, 14.570718214586066 51.002339382524276, 15.01699588385867 51.10667409932158))"
171,2083459.0,Europe,North Macedonia,MKD,12547,"POLYGON ((22.380525750424592 42.32025950781509, 22.881373732197346 41.999297186850356, 22.952377150166452 41.33799388281115, 22.761770000000013 41.30480000000006, 22.597308383889015 41.130487168943205, 22.05537763844427 41.14986583105269, 21.674160597426976 40.931274522457954, 21.0200403174764 40.84272695572588, 20.605181919037364 41.086226304685226, 20.463175083099202 41.51508901627534, 20.59024743010491 41.855404161133606, 20.590246546680227 41.855408919283626, 20.71731000000011 41.84711000000004, 20.762159999999994 42.05186000000003, 21.35270000000014 42.20679999999999, 21.57663598940212 42.24522439706186, 21.917080000000112 42.30363999999997, 22.380525750424592 42.32025950781509))"
173,622137.0,Europe,Montenegro,MNE,5542,"POLYGON ((20.070700000000045 42.58863000000008, 19.801613396898688 42.50009349219084, 19.73805138517963 42.68824738216557, 19.304486118250793 42.19574514420782, 19.37176816334725 41.877550679783496, 19.162459999999953 41.95502000000005, 18.88214000000005 42.281510000000026, 18.45001688302086 42.47999224531218, 18.559999999999945 42.64999999999998, 18.706480000000056 43.200109999999995, 19.03165000000007 43.432529999999986, 19.218519999999955 43.52384000000001, 19.483889999999974 43.35229000000004, 19.629999999999995 43.21377997027054, 19.958570000000066 43.106040000000064, 20.339800000000082 42.89852000000002, 20.257580000000075 42.81275000000011, 20.070700000000045 42.58863000000008))"
